{
  "apps": {
    "execution_pandas_project": {
      "engine": "pandas",
      "execution_model": "process",
      "worker_counts": {
        "1": {
          "modes": {
            "0": {
              "active_workers": 1,
              "label": "mono",
              "max_seconds": 1.7474890000012238,
              "median_seconds": 1.7378424579983403,
              "min_seconds": 1.7346752080011356,
              "samples_seconds": [
                1.7378424579983403,
                1.7346752080011356,
                1.7474890000012238
              ]
            },
            "4": {
              "active_workers": 1,
              "label": "parallel",
              "max_seconds": 7.617173124999681,
              "median_seconds": 7.612975416999689,
              "min_seconds": 7.606456749999779,
              "samples_seconds": [
                7.606456749999779,
                7.617173124999681,
                7.612975416999689
              ]
            }
          },
          "parallel_speedup_vs_mono": 0.2282737514320298
        },
        "2": {
          "modes": {
            "0": {
              "active_workers": 2,
              "label": "mono",
              "max_seconds": 1.5137517919974925,
              "median_seconds": 1.4803841249995457,
              "min_seconds": 1.479158792000817,
              "samples_seconds": [
                1.4803841249995457,
                1.479158792000817,
                1.5137517919974925
              ]
            },
            "4": {
              "active_workers": 2,
              "label": "parallel",
              "max_seconds": 4.743634791997465,
              "median_seconds": 4.730588834001537,
              "min_seconds": 4.715312292002636,
              "samples_seconds": [
                4.715312292002636,
                4.730588834001537,
                4.743634791997465
              ]
            }
          },
          "parallel_speedup_vs_mono": 0.3129386587900327
        },
        "4": {
          "modes": {
            "0": {
              "active_workers": 4,
              "label": "mono",
              "max_seconds": 1.4933137499974691,
              "median_seconds": 1.4871830420015613,
              "min_seconds": 1.4821217499993509,
              "samples_seconds": [
                1.4871830420015613,
                1.4933137499974691,
                1.4821217499993509
              ]
            },
            "4": {
              "active_workers": 4,
              "label": "parallel",
              "max_seconds": 3.35384250000061,
              "median_seconds": 3.346274000003177,
              "min_seconds": 3.3302160410021315,
              "samples_seconds": [
                3.35384250000061,
                3.3302160410021315,
                3.346274000003177
              ]
            }
          },
          "parallel_speedup_vs_mono": 0.4444295482079917
        },
        "8": {
          "modes": {
            "0": {
              "active_workers": 8,
              "label": "mono",
              "max_seconds": 1.494588333000138,
              "median_seconds": 1.4847205829973973,
              "min_seconds": 1.4809647500005667,
              "samples_seconds": [
                1.494588333000138,
                1.4847205829973973,
                1.4809647500005667
              ]
            },
            "4": {
              "active_workers": 8,
              "label": "parallel",
              "max_seconds": 2.730620040998474,
              "median_seconds": 2.5182684999999765,
              "min_seconds": 2.488309083000786,
              "samples_seconds": [
                2.5182684999999765,
                2.488309083000786,
                2.730620040998474
              ]
            }
          },
          "parallel_speedup_vs_mono": 0.5895799367690185
        }
      }
    },
    "execution_polars_project": {
      "engine": "polars",
      "execution_model": "threads",
      "worker_counts": {
        "1": {
          "modes": {
            "0": {
              "active_workers": 1,
              "label": "mono",
              "max_seconds": 1.8010169160006626,
              "median_seconds": 1.7886884159997862,
              "min_seconds": 1.7753469170020253,
              "samples_seconds": [
                1.8010169160006626,
                1.7753469170020253,
                1.7886884159997862
              ]
            },
            "4": {
              "active_workers": 1,
              "label": "parallel",
              "max_seconds": 1.8551983750003274,
              "median_seconds": 1.7891351250000298,
              "min_seconds": 1.7849199580014101,
              "samples_seconds": [
                1.8551983750003274,
                1.7891351250000298,
                1.7849199580014101
              ]
            }
          },
          "parallel_speedup_vs_mono": 0.9997503212619318
        },
        "2": {
          "modes": {
            "0": {
              "active_workers": 2,
              "label": "mono",
              "max_seconds": 1.5621945829989272,
              "median_seconds": 1.5392427910010156,
              "min_seconds": 1.5346692919993075,
              "samples_seconds": [
                1.5346692919993075,
                1.5392427910010156,
                1.5621945829989272
              ]
            },
            "4": {
              "active_workers": 2,
              "label": "parallel",
              "max_seconds": 1.5734143330009829,
              "median_seconds": 1.5611215410026489,
              "min_seconds": 1.55115370799831,
              "samples_seconds": [
                1.5611215410026489,
                1.55115370799831,
                1.5734143330009829
              ]
            }
          },
          "parallel_speedup_vs_mono": 0.985985235981318
        },
        "4": {
          "modes": {
            "0": {
              "active_workers": 4,
              "label": "mono",
              "max_seconds": 1.5691038750010193,
              "median_seconds": 1.5680492079991382,
              "min_seconds": 1.5649399169997196,
              "samples_seconds": [
                1.5691038750010193,
                1.5649399169997196,
                1.5680492079991382
              ]
            },
            "4": {
              "active_workers": 4,
              "label": "parallel",
              "max_seconds": 1.568196167001588,
              "median_seconds": 1.563064583002415,
              "min_seconds": 1.5559126669977559,
              "samples_seconds": [
                1.5559126669977559,
                1.563064583002415,
                1.568196167001588
              ]
            }
          },
          "parallel_speedup_vs_mono": 1.0031890077037946
        },
        "8": {
          "modes": {
            "0": {
              "active_workers": 8,
              "label": "mono",
              "max_seconds": 1.5812588750013674,
              "median_seconds": 1.5794212920009159,
              "min_seconds": 1.5788837500003865,
              "samples_seconds": [
                1.5788837500003865,
                1.5812588750013674,
                1.5794212920009159
              ]
            },
            "4": {
              "active_workers": 8,
              "label": "parallel",
              "max_seconds": 1.5821169170012581,
              "median_seconds": 1.5817164159998356,
              "min_seconds": 1.5758243749987741,
              "samples_seconds": [
                1.5758243749987741,
                1.5821169170012581,
                1.5817164159998356
              ]
            }
          },
          "parallel_speedup_vs_mono": 0.9985489661890694
        }
      }
    }
  },
  "environment": {
    "compute_passes": 32,
    "n_partitions": 16,
    "platform": "darwin",
    "python": "3.13.9",
    "repeats": 3,
    "rows_per_file": 100000,
    "warmups": 1,
    "worker_counts": [
      1,
      2,
      4,
      8
    ]
  }
}
