{
  "apps": {
    "execution_pandas_project": {
      "engine": "pandas",
      "execution_model": "process",
      "worker_counts": {
        "1": {
          "modes": {
            "0": {
              "active_workers": 1,
              "label": "mono",
              "max_seconds": 1.6080096660007257,
              "median_seconds": 1.606648499997391,
              "min_seconds": 1.6035790000023553,
              "samples_seconds": [
                1.6080096660007257,
                1.6035790000023553,
                1.606648499997391
              ]
            },
            "4": {
              "active_workers": 1,
              "label": "parallel",
              "max_seconds": 7.4994560000013735,
              "median_seconds": 7.410815166000248,
              "min_seconds": 7.379662041999836,
              "samples_seconds": [
                7.379662041999836,
                7.4994560000013735,
                7.410815166000248
              ]
            }
          },
          "parallel_speedup_vs_mono": 0.2167978102285512
        },
        "2": {
          "modes": {
            "0": {
              "active_workers": 2,
              "label": "mono",
              "max_seconds": 1.4202442079986213,
              "median_seconds": 1.4160501250007655,
              "min_seconds": 1.411949375000404,
              "samples_seconds": [
                1.4202442079986213,
                1.4160501250007655,
                1.411949375000404
              ]
            },
            "4": {
              "active_workers": 2,
              "label": "parallel",
              "max_seconds": 4.603632499998639,
              "median_seconds": 4.562796916001389,
              "min_seconds": 4.555648207999184,
              "samples_seconds": [
                4.555648207999184,
                4.562796916001389,
                4.603632499998639
              ]
            }
          },
          "parallel_speedup_vs_mono": 0.3103469540874772
        },
        "4": {
          "modes": {
            "0": {
              "active_workers": 4,
              "label": "mono",
              "max_seconds": 1.4620189160013979,
              "median_seconds": 1.4570106249993842,
              "min_seconds": 1.4476900000008754,
              "samples_seconds": [
                1.4620189160013979,
                1.4476900000008754,
                1.4570106249993842
              ]
            },
            "4": {
              "active_workers": 4,
              "label": "parallel",
              "max_seconds": 3.3029044169998087,
              "median_seconds": 3.3006205419987964,
              "min_seconds": 3.2963320830021985,
              "samples_seconds": [
                3.3029044169998087,
                3.2963320830021985,
                3.3006205419987964
              ]
            }
          },
          "parallel_speedup_vs_mono": 0.4414353623688728
        }
      }
    },
    "execution_polars_project": {
      "engine": "polars",
      "execution_model": "threads",
      "worker_counts": {
        "1": {
          "modes": {
            "0": {
              "active_workers": 1,
              "label": "mono",
              "max_seconds": 1.2497870840015821,
              "median_seconds": 1.2250227079966862,
              "min_seconds": 1.2183415830004378,
              "samples_seconds": [
                1.2183415830004378,
                1.2250227079966862,
                1.2497870840015821
              ]
            },
            "4": {
              "active_workers": 1,
              "label": "parallel",
              "max_seconds": 1.248969042000681,
              "median_seconds": 1.2315984170018055,
              "min_seconds": 1.2216891669995675,
              "samples_seconds": [
                1.248969042000681,
                1.2315984170018055,
                1.2216891669995675
              ]
            }
          },
          "parallel_speedup_vs_mono": 0.9946608335035643
        },
        "2": {
          "modes": {
            "0": {
              "active_workers": 2,
              "label": "mono",
              "max_seconds": 1.2960328339977423,
              "median_seconds": 1.286990083001001,
              "min_seconds": 1.268625583001267,
              "samples_seconds": [
                1.268625583001267,
                1.286990083001001,
                1.2960328339977423
              ]
            },
            "4": {
              "active_workers": 2,
              "label": "parallel",
              "max_seconds": 1.2595547499986424,
              "median_seconds": 1.251614166998479,
              "min_seconds": 1.2484553340000275,
              "samples_seconds": [
                1.2595547499986424,
                1.251614166998479,
                1.2484553340000275
              ]
            }
          },
          "parallel_speedup_vs_mono": 1.028264234246691
        },
        "4": {
          "modes": {
            "0": {
              "active_workers": 4,
              "label": "mono",
              "max_seconds": 1.387165999996796,
              "median_seconds": 1.3813352500001201,
              "min_seconds": 1.3747439170001599,
              "samples_seconds": [
                1.3747439170001599,
                1.3813352500001201,
                1.387165999996796
              ]
            },
            "4": {
              "active_workers": 4,
              "label": "parallel",
              "max_seconds": 1.387392833999911,
              "median_seconds": 1.3829968749996624,
              "min_seconds": 1.3789813330004108,
              "samples_seconds": [
                1.3789813330004108,
                1.3829968749996624,
                1.387392833999911
              ]
            }
          },
          "parallel_speedup_vs_mono": 0.9987985330772764
        }
      }
    }
  },
  "environment": {
    "compute_passes": 8,
    "n_partitions": 16,
    "platform": "darwin",
    "python": "3.13.9",
    "repeats": 3,
    "rows_per_file": 100000,
    "warmups": 1,
    "worker_counts": [
      1,
      2,
      4
    ]
  }
}
