{
  "apps": {
    "execution_pandas_project": {
      "engine": "pandas",
      "execution_model": "process",
      "worker_counts": {
        "1": {
          "modes": {
            "0": {
              "active_workers": 1,
              "label": "mono",
              "max_seconds": 1.0877143329998944,
              "median_seconds": 1.0867646249971585,
              "min_seconds": 1.0865998750014114,
              "samples_seconds": [
                1.0865998750014114,
                1.0877143329998944,
                1.0867646249971585
              ]
            },
            "4": {
              "active_workers": 1,
              "label": "parallel",
              "max_seconds": 4.5048317090004275,
              "median_seconds": 4.146066291999887,
              "min_seconds": 3.9515308330010157,
              "samples_seconds": [
                3.9515308330010157,
                4.5048317090004275,
                4.146066291999887
              ]
            }
          },
          "parallel_speedup_vs_mono": 0.2621194521404889
        },
        "2": {
          "modes": {
            "0": {
              "active_workers": 2,
              "label": "mono",
              "max_seconds": 1.223963749998802,
              "median_seconds": 1.2202286669999012,
              "min_seconds": 1.183888792002108,
              "samples_seconds": [
                1.183888792002108,
                1.2202286669999012,
                1.223963749998802
              ]
            },
            "4": {
              "active_workers": 2,
              "label": "parallel",
              "max_seconds": 2.8019475839973893,
              "median_seconds": 2.794686584002193,
              "min_seconds": 2.7774399170011748,
              "samples_seconds": [
                2.794686584002193,
                2.7774399170011748,
                2.8019475839973893
              ]
            }
          },
          "parallel_speedup_vs_mono": 0.4366245123817948
        },
        "4": {
          "modes": {
            "0": {
              "active_workers": 4,
              "label": "mono",
              "max_seconds": 1.333587000000989,
              "median_seconds": 1.3168798750011774,
              "min_seconds": 1.3150829160003923,
              "samples_seconds": [
                1.333587000000989,
                1.3150829160003923,
                1.3168798750011774
              ]
            },
            "4": {
              "active_workers": 4,
              "label": "parallel",
              "max_seconds": 2.2702014170026814,
              "median_seconds": 2.2411737500005984,
              "min_seconds": 2.2290834580016963,
              "samples_seconds": [
                2.2290834580016963,
                2.2702014170026814,
                2.2411737500005984
              ]
            }
          },
          "parallel_speedup_vs_mono": 0.5875849094702389
        }
      }
    },
    "execution_polars_project": {
      "engine": "polars",
      "execution_model": "threads",
      "worker_counts": {
        "1": {
          "modes": {
            "0": {
              "active_workers": 1,
              "label": "mono",
              "max_seconds": 1.102861708997807,
              "median_seconds": 1.0999868330000027,
              "min_seconds": 1.0983449160012242,
              "samples_seconds": [
                1.0983449160012242,
                1.0999868330000027,
                1.102861708997807
              ]
            },
            "4": {
              "active_workers": 1,
              "label": "parallel",
              "max_seconds": 1.090895166998962,
              "median_seconds": 1.0798467919994437,
              "min_seconds": 1.0794707909990393,
              "samples_seconds": [
                1.0794707909990393,
                1.0798467919994437,
                1.090895166998962
              ]
            }
          },
          "parallel_speedup_vs_mono": 1.0186508319048369
        },
        "2": {
          "modes": {
            "0": {
              "active_workers": 2,
              "label": "mono",
              "max_seconds": 1.1650366249996296,
              "median_seconds": 1.1545297500015295,
              "min_seconds": 1.1534699160001765,
              "samples_seconds": [
                1.1534699160001765,
                1.1650366249996296,
                1.1545297500015295
              ]
            },
            "4": {
              "active_workers": 2,
              "label": "parallel",
              "max_seconds": 1.1623630829999456,
              "median_seconds": 1.1572759590017085,
              "min_seconds": 1.1553417920003994,
              "samples_seconds": [
                1.1572759590017085,
                1.1553417920003994,
                1.1623630829999456
              ]
            }
          },
          "parallel_speedup_vs_mono": 0.9976270059195319
        },
        "4": {
          "modes": {
            "0": {
              "active_workers": 4,
              "label": "mono",
              "max_seconds": 1.3217624169992632,
              "median_seconds": 1.3172895000025164,
              "min_seconds": 1.3144408330008446,
              "samples_seconds": [
                1.3217624169992632,
                1.3172895000025164,
                1.3144408330008446
              ]
            },
            "4": {
              "active_workers": 4,
              "label": "parallel",
              "max_seconds": 1.3258944999979576,
              "median_seconds": 1.3246093329980795,
              "min_seconds": 1.3212231249999604,
              "samples_seconds": [
                1.3258944999979576,
                1.3212231249999604,
                1.3246093329980795
              ]
            }
          },
          "parallel_speedup_vs_mono": 0.9944739684273585
        }
      }
    }
  },
  "environment": {
    "platform": "darwin",
    "python": "3.13.9",
    "repeats": 3,
    "warmups": 1,
    "worker_counts": [
      1,
      2,
      4
    ]
  }
}
